video_id,title,published_at,date,time,hour,duration_seconds,view_count,like_count,comment_count,has_hashtags,hashtag_count,has_emojis,emoji_count,clean_title,caps_percentage,title_length,sentiment_polarity,sentiment_subjectivity,time_since_last_post
eRSTuwZrfVs,camera roll dump :) #shorts,2022-06-13 04:10:00+00:00,2022-06-13,04:10:00,4,9.0,288,23,1,True,1,False,0,camera roll dump :),0.0,19,0.5,1.0,0.0
KgvtDUCcSnw,get trampled on ‚ú®cutely‚ú® #shorts,2022-06-13 18:00:08+00:00,2022-06-13,18:00:08,18,8.0,2164,28,2,True,1,False,0,get trampled on ‚ú®cutely‚ú®,0.0,24,0.0,0.0,49808.0
WyhQf7NuY6g,if my life was a movie‚Ä¶ #shorts,2022-06-14 18:00:10+00:00,2022-06-14,18:00:10,18,18.0,145,23,4,True,1,False,0,if my life was a movie‚Ä¶,0.0,23,0.0,0.0,86402.0
vMWctPZZfvE,nice to meet you :) #shorts,2022-06-15 18:00:16+00:00,2022-06-15,18:00:16,18,12.0,182,17,2,True,1,False,0,nice to meet you :),0.0,19,0.55,1.0,86406.0
XE6HPFy2300,what about you? :D #shorts,2022-06-16 18:00:10+00:00,2022-06-16,18:00:10,18,9.0,157,17,1,True,1,False,0,what about you? :D,7.6923076923076925,18,1.0,1.0,86394.0
d6vm4DEYNpA,life is beautiful #shorts,2022-06-17 18:00:10+00:00,2022-06-17,18:00:10,18,8.0,140,12,0,True,1,False,0,life is beautiful,0.0,17,0.85,1.0,86400.0
UjDTkEao_MQ,music taste checkkkk #shorts,2022-06-18 18:00:17+00:00,2022-06-18,18:00:17,18,11.0,227,22,2,True,1,False,0,music taste checkkkk,0.0,20,0.0,0.0,86407.0
XcbIj-k33ls,the last drawingüò≠ #shorts,2022-06-19 18:00:15+00:00,2022-06-19,18:00:15,18,9.0,2489,129,0,True,1,True,1,the last drawingüò≠,0.0,17,0.0,0.06666666666666667,86398.0
GkKGFEJfo5U,some of my fav pplüòö,2022-06-20 18:00:05+00:00,2022-06-20,18:00:05,18,10.0,1165,80,2,False,0,True,1,some of my fav pplüòö,0.0,19,0.0,0.0,86390.0
pFOD5WRCau4,dear diary‚Ä¶ #shorts,2022-06-21 18:00:15+00:00,2022-06-21,18:00:15,18,5.0,2711,131,1,True,1,False,0,dear diary‚Ä¶,0.0,11,0.0,0.0,86410.0
1jqAUTLDaAA,time fliessss #shorts,2022-06-22 18:00:01+00:00,2022-06-22,18:00:01,18,11.0,169,25,1,True,1,False,0,time fliessss,0.0,13,0.0,0.0,86386.0
4nvsqQVro8c,missing prom hours #shorts #prom,2022-06-23 18:00:04+00:00,2022-06-23,18:00:04,18,9.0,2435,153,5,True,2,False,0,missing prom hours,0.0,18,-0.2,0.05,86403.0
yy4Iv_ihD3s,since i started journaling :) #shorts,2022-06-24 18:00:23+00:00,2022-06-24,18:00:23,18,13.0,2675,114,0,True,1,False,0,since i started journaling :),0.0,29,0.5,1.0,86419.0
A8jBAr-17oI,the orange glasses tooüò≠ #shorts,2022-06-25 18:00:04+00:00,2022-06-25,18:00:04,18,9.0,143,11,0,True,1,True,1,the orange glasses tooüò≠,0.0,23,0.0,0.0,86381.0
bCMJz8XkW14,05 heheee #shorts,2022-06-26 18:00:21+00:00,2022-06-26,18:00:21,18,9.0,179,11,3,True,1,False,0,05 heheee,0.0,9,0.0,0.0,86417.0
sW79hUA10Tc,love growssss #shorts,2022-06-27 18:00:30+00:00,2022-06-27,18:00:30,18,13.0,342,29,2,True,1,False,0,love growssss,0.0,13,0.5,0.6,86409.0
SGdfB2swqKY,‚Ä¶welp #shorts,2022-06-28 18:00:14+00:00,2022-06-28,18:00:14,18,4.0,2805,93,4,True,1,False,0,‚Ä¶welp,0.0,5,0.0,0.0,86384.0
hUWwkYEBDkI,12-17 #shorts,2022-06-29 18:00:17+00:00,2022-06-29,18:00:17,18,6.0,260,17,2,True,1,False,0,12-17,0.0,5,0.0,0.0,86403.0
CVEXNsHy1_0,my number ones #shorts,2022-06-30 18:00:07+00:00,2022-06-30,18:00:07,18,11.0,124,11,0,True,1,False,0,my number ones,0.0,14,0.0,0.0,86390.0
2G3QLUpuECk,would you watch this movie LOL #shorts,2022-07-01 18:00:00+00:00,2022-07-01,18:00:00,18,22.0,148,18,4,True,1,False,0,would you watch this movie LOL,12.0,30,0.8,0.7,86393.0
PQRZHphjDrk,old family cameras hehe #shorts #filmcamera #film,2022-07-07 18:00:09+00:00,2022-07-07,18:00:09,18,14.0,597,26,3,True,3,False,0,old family cameras hehe,0.0,23,0.1,0.2,518409.0
BA7LBji6nJ8,this APPP #shorts #bereal #friends,2022-07-09 18:00:04+00:00,2022-07-09,18:00:04,18,9.0,1540,33,2,True,3,False,0,this APPP,50.0,9,0.0,0.0,172795.0
t0cF3W8SObs,my old selfies broüò≠üò≠ #shorts #glowup,2022-07-10 18:00:29+00:00,2022-07-10,18:00:29,18,12.0,4675,199,4,True,2,True,2,my old selfies broüò≠üò≠,0.0,20,0.1,0.2,86425.0
yMY6pkmYI-Y,come on vacation w me!! #shorts #vlog #minivlog,2022-07-11 18:00:17+00:00,2022-07-11,18:00:17,18,5.0,322,17,4,True,3,False,0,come on vacation w me!!,0.0,23,0.0,0.0,86388.0
38s53ICAy6c,mini day vlog :) #shorts #vlog #minivlog,2022-07-12 18:00:02+00:00,2022-07-12,18:00:02,18,8.0,178,15,4,True,3,False,0,mini day vlog :),0.0,16,0.5,1.0,86385.0
KArnmRtBbDA,this quiz tho‚Ä¶ #shorts,2022-07-13 18:00:08+00:00,2022-07-13,18:00:08,18,9.0,490,28,1,True,1,False,0,this quiz tho‚Ä¶,0.0,14,0.0,0.0,86406.0
hBmpyvKzE0s,good morningüíÄ #shorts,2022-07-14 18:00:27+00:00,2022-07-14,18:00:27,18,13.0,563,15,0,True,1,True,1,good morningüíÄ,0.0,13,0.7,0.6000000000000001,86419.0
N1aaLBTW6to,productive day! #shorts #minivlog #vlog,2022-07-15 18:00:09+00:00,2022-07-15,18:00:09,18,9.0,159,15,0,True,3,False,0,productive day!,0.0,15,0.0,0.0,86382.0
MLK3OL4EZzs,"nostalgia :,) #shorts #friends #memories",2022-07-16 18:00:13+00:00,2022-07-16,18:00:13,18,13.0,161,23,2,True,3,False,0,"nostalgia :,)",0.0,13,0.0,0.0,86404.0
kv4u0ZV_kcw,v fun to make :) #shorts #itgirl #thatgirl,2022-07-17 18:00:24+00:00,2022-07-17,18:00:24,18,52.0,213,26,2,True,3,False,0,v fun to make :),0.0,16,0.4,0.6,86411.0
5jwZB_XACz0,junior year üêê #shorts #highschool #friends,2022-07-18 18:00:01+00:00,2022-07-18,18:00:01,18,8.0,353,30,0,True,3,True,1,junior year üêê,0.0,13,0.0,0.0,86377.0
gGdrHIW-stc,summer vibes are everything #shorts #summer,2022-07-19 18:00:22+00:00,2022-07-19,18:00:22,18,7.0,209,16,2,True,2,False,0,summer vibes are everything,0.0,27,0.0,0.0,86421.0
coJqWpatm20,what vibes do i give? #shorts,2022-07-20 18:00:14+00:00,2022-07-20,18:00:14,18,7.0,1150,33,2,True,1,False,0,what vibes do i give?,0.0,21,0.0,0.0,86392.0
xF8XCkwGi20,spend the day with me :) #shorts #minivlog #vlog,2022-07-21 18:00:21+00:00,2022-07-21,18:00:21,18,4.0,95,11,2,True,3,False,0,spend the day with me :),0.0,24,0.5,1.0,86407.0
6fdJUUid3pI,camp counselor strugglesüò≠ #shorts #summer,2022-07-22 18:00:03+00:00,2022-07-22,18:00:03,18,5.0,2953,81,4,True,2,True,1,camp counselor strugglesüò≠,0.0,25,0.0,0.0,86382.0
dUPnv8PO91o,these films are EVERYTHING #shorts #ghibli,2022-07-23 18:00:23+00:00,2022-07-23,18:00:23,18,9.0,2004,63,4,True,2,False,0,these films are EVERYTHING,43.47826086956522,26,0.0,0.0,86420.0
760L3hRaf5s,which one fits the best? #shorts,2022-07-24 18:00:04+00:00,2022-07-24,18:00:04,18,52.0,464,23,3,True,1,False,0,which one fits the best?,0.0,24,1.0,0.3,86381.0
hKEHVf91dG8,currently wanting‚Ä¶ #shorts,2022-07-25 18:00:14+00:00,2022-07-25,18:00:14,18,7.0,62,7,2,True,1,False,0,currently wanting‚Ä¶,0.0,18,0.0,0.4,86410.0
frfTuKrBmjY,comfort place üíå #shorts,2022-07-26 18:00:15+00:00,2022-07-26,18:00:15,18,9.0,203,26,4,True,1,True,1,comfort place üíå,0.0,15,0.0,0.0,86401.0
6Kxmhm5Rwtc,obsessed with this song #shorts #lesserafim #kpop,2022-07-27 18:00:01+00:00,2022-07-27,18:00:01,18,13.0,775,49,3,True,3,False,0,obsessed with this song,0.0,23,-0.5,1.0,86386.0
g0cvHfMseHI,the person next to meüò≠ #shorts,2022-07-28 18:00:12+00:00,2022-07-28,18:00:12,18,4.0,12383,295,6,True,1,True,1,the person next to meüò≠,0.0,22,0.0,0.0,86411.0
NJkWqfaRth0,my love #shorts,2022-07-29 18:00:10+00:00,2022-07-29,18:00:10,18,7.0,226,12,1,True,1,False,0,my love,0.0,7,0.5,0.6,86398.0
BYucJnrTOms,bestie frrr #shorts,2022-07-30 18:00:07+00:00,2022-07-30,18:00:07,18,6.0,1128,30,3,True,1,False,0,bestie frrr,0.0,11,0.0,0.0,86397.0
WtYuAludk0A,my musically era LOL #shorts,2022-07-31 18:00:11+00:00,2022-07-31,18:00:11,18,10.0,672,27,1,True,1,False,0,my musically era LOL,17.647058823529413,20,0.4,0.35,86404.0
Bodh3MBK7fE,then i regretted it lol #shorts #haircut,2022-08-01 18:00:04+00:00,2022-08-01,18:00:04,18,12.0,5606,167,6,True,2,False,0,then i regretted it lol,0.0,23,0.8,0.7,86393.0
FzEqVjaV6GY,oh my #shorts,2022-08-02 18:00:09+00:00,2022-08-02,18:00:09,18,7.0,83,8,1,True,1,False,0,oh my,0.0,5,0.0,0.0,86405.0
gUQD7Ffate4,mini vloggg #shorts #minivlog,2022-08-03 18:00:14+00:00,2022-08-03,18:00:14,18,4.0,214,18,1,True,2,False,0,mini vloggg,0.0,11,0.0,0.0,86405.0
OpMxAgoQ6eI,check the fits :) #shorts #minivlog,2022-08-04 18:00:09+00:00,2022-08-04,18:00:09,18,5.0,1309,54,1,True,2,False,0,check the fits :),0.0,17,0.5,1.0,86395.0
OVMVTUfA2wI,sweet life #shorts,2022-08-05 18:00:07+00:00,2022-08-05,18:00:07,18,10.0,147,12,1,True,1,False,0,sweet life,0.0,10,0.35,0.65,86398.0
ZEdVF1VYUjQ,i have too many LOL #shorts #playlist,2022-08-06 18:00:13+00:00,2022-08-06,18:00:13,18,8.0,1210,50,2,True,2,False,0,i have too many LOL,20.0,19,0.65,0.6,86406.0
kQpuWmyw5Y4,july treated me well :) #shorts #recap,2022-08-07 18:00:23+00:00,2022-08-07,18:00:23,18,11.0,766,37,0,True,2,False,0,july treated me well :),0.0,23,0.5,1.0,86410.0
kVkLNYAcAWw,what are some of your moments? #shorts,2022-08-08 18:00:30+00:00,2022-08-08,18:00:30,18,14.0,298,19,1,True,1,False,0,what are some of your moments?,0.0,30,0.0,0.0,86407.0
s4ZWn-wpjlg,let‚Äôs not talk about it‚Ä¶ #shorts #cringe,2022-08-09 18:00:31+00:00,2022-08-09,18:00:31,18,7.0,1735,84,2,True,2,False,0,let‚Äôs not talk about it‚Ä¶,0.0,24,0.0,0.0,86401.0
euklO_G_g_I,i love pinterest #shorts #pinterest,2022-08-10 18:00:14+00:00,2022-08-10,18:00:14,18,15.0,350,28,0,True,2,False,0,i love pinterest,0.0,16,0.5,0.6,86383.0
zT_gcOPW7-g,this and appa‚Äôs lost daysüòî #atla #avatarthelastairbender #shorts,2022-08-11 18:00:17+00:00,2022-08-11,18:00:17,18,8.0,5309,248,8,True,3,True,1,this and appa‚Äôs lost daysüòî,0.0,26,0.0,0.0,86403.0
jVj-YUL6sD8,beautiful way to live #shorts,2022-08-12 18:00:14+00:00,2022-08-12,18:00:14,18,11.0,245,13,1,True,1,False,0,beautiful way to live,0.0,21,0.49318181818181817,0.75,86397.0
D12faNC4ERY,obsessed with this song #shorts #minivlog,2022-08-13 18:00:04+00:00,2022-08-13,18:00:04,18,9.0,3577,128,1,True,2,False,0,obsessed with this song,0.0,23,-0.5,1.0,86390.0
gel0hm7tIfk,jk but my cf on insta is filled with them LOL #shorts #capybara,2022-08-14 18:00:16+00:00,2022-08-14,18:00:16,18,8.0,2485,69,0,True,2,False,0,jk but my cf on insta is filled with them LOL,8.571428571428571,45,0.6000000000000001,0.8,86412.0
fIOa2Lm5Kw0,i luv my friends + family hehe #shorts #friends #friendship,2022-08-15 18:00:14+00:00,2022-08-15,18:00:14,18,6.0,1549,50,1,True,3,False,0,i luv my friends + family hehe,0.0,30,0.0,0.0,86398.0
ayenjnXfjTc,they creep me out smüò≠ #shorts,2022-08-16 18:00:02+00:00,2022-08-16,18:00:02,18,8.0,5561,188,7,True,1,True,1,they creep me out smüò≠,0.0,21,0.0,0.0,86388.0
Ky_nwa_7Pm0,insta me vs irl LOL #shorts #instagram,2022-08-17 18:00:13+00:00,2022-08-17,18:00:13,18,10.0,1345,62,1,True,2,False,0,insta me vs irl LOL,20.0,19,0.8,0.7,86411.0
9LaJTaA7j-I,this trend looks so COOOL #shorts,2022-08-18 18:00:03+00:00,2022-08-18,18:00:03,18,5.0,1725,80,3,True,1,False,0,this trend looks so COOOL,23.809523809523807,25,0.0,0.0,86390.0
cZSWznEvsGI,which name fits better? #shorts,2022-08-19 18:00:30+00:00,2022-08-19,18:00:30,18,10.0,2078,49,8,True,1,False,0,which name fits better?,0.0,23,0.5,0.5,86427.0
fnooptl9p3Q,friend group meets SF #shorts #friends #friendship,2022-08-20 18:00:12+00:00,2022-08-20,18:00:12,18,8.0,298,23,1,True,3,False,0,friend group meets SF,11.11111111111111,21,0.0,0.0,86382.0
la4PauYTGfU,i love these kinda edits #shorts,2022-08-21 18:00:29+00:00,2022-08-21,18:00:29,18,4.0,118,16,3,True,1,False,0,i love these kinda edits,0.0,24,0.5,0.6,86417.0
jJm2S5B6Q7A,i can be a üò≠üòÅ texter or a :( :D texter LOLLL,2022-08-22 18:00:30+00:00,2022-08-22,18:00:30,18,5.0,6393,160,0,False,0,True,2,i can be a üò≠üòÅ texter or a :( :D texter LOLLL,21.428571428571427,44,0.125,1.0,86401.0
RQBcqj_1wfs,comment ur obsessions!!,2022-08-23 18:00:09+00:00,2022-08-23,18:00:09,18,22.0,136,17,1,False,0,False,0,comment ur obsessions!!,0.0,23,0.0,0.0,86379.0
SoT-3UFVGl8,jk i‚Äôm forever singleüòã,2022-08-24 18:00:11+00:00,2022-08-24,18:00:11,18,9.0,1157,40,2,False,0,True,1,jk i‚Äôm forever singleüòã,0.0,22,0.0,0.0,86402.0
XO8TSeilQvU,sweet memories from the past few weeks! #shorts #memories #friends,2022-08-25 18:00:09+00:00,2022-08-25,18:00:09,18,7.0,317,15,1,True,3,False,0,sweet memories from the past few weeks!,0.0,39,-0.05000000000000001,0.3333333333333333,86398.0
IKKFOprMR4w,rex orange county lyrics always hit diff,2022-08-26 18:00:11+00:00,2022-08-26,18:00:11,18,13.0,1950,80,2,False,0,False,0,rex orange county lyrics always hit diff,0.0,40,0.0,0.0,86402.0
9rvJpt3byRk,day at high school~~ #shorts,2022-08-27 18:00:02+00:00,2022-08-27,18:00:02,18,9.0,211,17,2,True,1,False,0,day at high school~~,0.0,20,0.16,0.5399999999999999,86391.0
TdZGV5_D6ZU,and that‚Äôs not even all of itüò≠ #shorts #ghibli #room #roomtour,2022-08-28 18:00:09+00:00,2022-08-28,18:00:09,18,8.0,921,58,1,True,4,True,1,and that‚Äôs not even all of itüò≠,0.0,30,0.0,0.0,86407.0
RQ6Zcz03iAg,i kinda look the same LOL #shorts,2022-09-02 18:00:10+00:00,2022-09-02,18:00:10,18,11.0,8729,311,2,True,1,False,0,i kinda look the same LOL,15.0,25,0.4,0.4125,432001.0
R9pKLOQGdeA,resetting a small part of my life :) #shorts #aesthetic,2022-09-03 18:00:08+00:00,2022-09-03,18:00:08,18,13.0,221,20,1,True,2,False,0,resetting a small part of my life :),0.0,36,0.125,0.7,86398.0
9KM4l5D2qYw,this month was amazing #shorts,2022-09-04 18:00:02+00:00,2022-09-04,18:00:02,18,5.0,99,11,0,True,1,False,0,this month was amazing,0.0,22,0.6000000000000001,0.9,86394.0
nZ4UDyaUkuo,which albums did you recognize? #shorts,2022-09-05 18:00:14+00:00,2022-09-05,18:00:14,18,6.0,693,21,1,True,1,False,0,which albums did you recognize?,0.0,31,0.0,0.0,86412.0
DkJJxwAi5mw,replaying it in ur head hits diff LMAO #shorts,2022-09-06 18:00:03+00:00,2022-09-06,18:00:03,18,6.0,4211,132,0,True,1,False,0,replaying it in ur head hits diff LMAO,12.903225806451612,38,0.6,1.0,86389.0
okBAAvj0UYI,unless my best friend is in the same class otherwise PLS JUST ASSIGN #shorts,2022-09-07 18:00:30+00:00,2022-09-07,18:00:30,18,5.0,5789,185,4,True,1,False,0,unless my best friend is in the same class otherwise PLS JUST ASSIGN,23.214285714285715,68,0.5,0.2125,86427.0
WnlRG_n6JRQ,v special ppl :) #shorts #friends,2022-09-08 18:00:10+00:00,2022-09-08,18:00:10,18,22.0,544,40,0,True,2,False,0,v special ppl :),0.0,16,0.4285714285714286,0.7857142857142857,86380.0
QrZvyHPNufI,productivity grind! #shorts #productivity,2022-09-09 18:00:09+00:00,2022-09-09,18:00:09,18,12.0,127,19,1,True,2,False,0,productivity grind!,0.0,19,0.0,0.0,86399.0
qZP-o0KsiZI,shaky handsüò¨ #shorts #transition,2022-09-10 18:00:16+00:00,2022-09-10,18:00:16,18,8.0,2008,60,4,True,2,True,1,shaky handsüò¨,0.0,12,-0.3333333333333333,0.5,86407.0
V97psSKYp9Q,and now i‚Äôm technically older than him CRIII #shorts #atla,2022-09-11 18:00:16+00:00,2022-09-11,18:00:16,18,8.0,6169,191,8,True,2,False,0,and now i‚Äôm technically older than him CRIII,13.88888888888889,44,0.16666666666666666,0.3333333333333333,86400.0
hA5HkUacgW8,sorry but correlation does not equal causation here LMAO #shorts,2022-09-12 18:00:13+00:00,2022-09-12,18:00:13,18,5.0,2056,30,0,True,1,False,0,sorry but correlation does not equal causation here LMAO,8.333333333333332,56,0.033333333333333326,0.75,86397.0
HQ7FAGVMs9M,she found her confidence :)) #shorts,2022-09-17 18:00:05+00:00,2022-09-17,18:00:05,18,6.0,7258,164,3,True,1,False,0,she found her confidence :)),0.0,28,0.5,1.0,431992.0
GSsVp_suDKg,hoco 22 BBYYY #shorts,2022-09-18 18:00:12+00:00,2022-09-18,18:00:12,18,6.0,326,21,2,True,1,False,0,hoco 22 BBYYY,55.55555555555556,13,0.0,0.0,86407.0
ZawsrZqQQEk,hoco edition w SENIORSSSS #shorts,2022-09-19 18:00:23+00:00,2022-09-19,18:00:23,18,9.0,830,34,0,True,1,False,0,hoco edition w SENIORSSSS,45.45454545454545,25,0.0,0.0,86411.0
HFoPOIiphzM,HOCO W THE BESTIEEüòÅ #shorts,2022-09-20 18:00:12+00:00,2022-09-20,18:00:12,18,7.0,704,26,0,True,1,True,1,HOCO W THE BESTIEEüòÅ,100.0,19,0.0,0.0,86389.0
4qWnKXiN9NA,last hoco content LMAO #shorts,2022-09-21 18:00:02+00:00,2022-09-21,18:00:02,18,6.0,2958,77,0,True,1,False,0,last hoco content LMAO,21.052631578947366,22,0.3,0.5333333333333333,86390.0
LSUFdyPPQfg,life!! #shorts,2022-09-22 18:00:06+00:00,2022-09-22,18:00:06,18,3.0,77,13,1,True,1,False,0,life!!,0.0,6,0.0,0.0,86404.0
3IvMOlBObGI,lookin like a whole cdrama actor fr #shorts,2022-09-23 18:00:02+00:00,2022-09-23,18:00:02,18,7.0,2257,64,0,True,1,False,0,lookin like a whole cdrama actor fr,0.0,35,0.2,0.4,86396.0
pDx4uR0EEuY,like the movies by laufey :) #shorts #singer #singing,2022-09-25 18:00:18+00:00,2022-09-25,18:00:18,18,29.0,227,19,4,True,3,False,0,like the movies by laufey :),0.0,28,0.5,1.0,172816.0
ubIkGwi5Q4c,ngl most of these bereals were late LOL #shorts #bereal,2022-09-26 18:00:17+00:00,2022-09-26,18:00:17,18,7.0,4412,166,2,True,2,False,0,ngl most of these bereals were late LOL,9.375,39,0.3333333333333333,0.6,86399.0
sIb27OYopGQ,was obsessed w this song #shorts #singer #singing,2022-09-27 18:00:17+00:00,2022-09-27,18:00:17,18,20.0,270,10,0,True,3,False,0,was obsessed w this song,0.0,24,-0.5,1.0,86400.0
0kC85ffJwCE,this transition is fun #shorts #transition,2022-09-28 18:00:00+00:00,2022-09-28,18:00:00,18,6.0,1613,41,2,True,2,False,0,this transition is fun,0.0,22,0.3,0.2,86383.0
Re-5-VwAyOk,the last one LMAO #shorts,2022-09-29 18:00:14+00:00,2022-09-29,18:00:14,18,11.0,1906,45,2,True,1,False,0,the last one LMAO,28.57142857142857,17,0.3,0.5333333333333333,86414.0
Be9mtMH5c8c,which do you prefer :)) #shorts,2022-09-30 18:00:04+00:00,2022-09-30,18:00:04,18,10.0,214,17,1,True,1,False,0,which do you prefer :)),0.0,23,0.5,1.0,86390.0
8-9T_6yIT04,school is tiring,2022-10-01 18:00:02+00:00,2022-10-01,18:00:02,18,8.0,369,31,1,False,0,False,0,school is tiring,0.0,16,0.0,0.0,86398.0
ApvrJZsjttM,BIGGEST SMILE FOR HIM. #shorts,2022-10-03 18:00:07+00:00,2022-10-03,18:00:07,18,6.0,5239,102,0,True,1,False,0,BIGGEST SMILE FOR HIM.,100.0,22,0.3,0.1,172805.0
blz5hq8qr2I,how was your september? #shorts,2022-10-04 18:00:10+00:00,2022-10-04,18:00:10,18,12.0,678,32,0,True,1,False,0,how was your september?,0.0,23,0.0,0.0,86403.0
rTRF893NfVw,"new thing by zico, choreo by vata #shorts #kpop #streetmanfighter #kpopdancecover",2022-10-05 18:00:22+00:00,2022-10-05,18:00:22,18,28.0,1440,36,2,True,4,False,0,"new thing by zico, choreo by vata",0.0,33,0.13636363636363635,0.45454545454545453,86412.0
xJf6AWZXkv4,the little women kdrama got me simping over him again #shorts #littlewomen,2022-10-06 18:00:31+00:00,2022-10-06,18:00:31,18,6.0,142,9,1,True,2,False,0,the little women kdrama got me simping over him again,0.0,53,-0.1875,0.5,86409.0
EESdPznLIqk,nah bro this felt targeted #shorts,2022-10-07 18:00:05+00:00,2022-10-07,18:00:05,18,8.0,10853,255,63,True,1,False,0,nah bro this felt targeted,0.0,26,0.0,0.0,86374.0
1F9AvmIqOqM,I MISS THEM SO MUCHH #shorts #concert #kpop,2022-10-08 18:00:00+00:00,2022-10-08,18:00:00,18,12.0,2306,81,1,True,3,False,0,I MISS THEM SO MUCHH,100.0,20,0.0,0.0,86395.0
vOd7daxxFUY,how‚Äôs your school year going? #shorts #school,2022-10-09 18:00:30+00:00,2022-10-09,18:00:30,18,16.0,600,37,1,True,2,False,0,how‚Äôs your school year going?,0.0,29,0.0,0.0,86430.0
DQxRqo_GZjw,cut off dyed hair + started wearing eyeliner lol #shorts,2022-10-10 18:00:09+00:00,2022-10-10,18:00:09,18,15.0,1479,48,0,True,1,False,0,cut off dyed hair + started wearing eyeliner lol,0.0,48,0.8,0.7,86379.0
x3Tw0VqPBXU,film photos from the summer ! #shorts #summer #film,2022-10-11 18:00:18+00:00,2022-10-11,18:00:18,18,4.0,645,32,0,True,3,False,0,film photos from the summer !,0.0,29,0.0,0.0,86409.0
ClAeQk7cNd4,which 10 would you choose? #shorts #music #kpop,2022-10-15 18:00:04+00:00,2022-10-15,18:00:04,18,10.0,2280,68,3,True,3,False,0,which 10 would you choose?,0.0,26,0.0,0.0,345586.0
WSfcBCgzZg4,bro i wish i knewüò≠,2022-10-16 18:00:11+00:00,2022-10-16,18:00:11,18,9.0,3364,88,1,False,0,True,1,bro i wish i knewüò≠,0.0,18,0.0,0.0,86407.0
-Cd6Rlq1IC8,like no wayyy why didn‚Äôt i think of that‚Ä¶. #shorts #acne #acnetreatment #skincare,2022-10-17 18:00:01+00:00,2022-10-17,18:00:01,18,8.0,1417,36,0,True,4,False,0,like no wayyy why didn‚Äôt i think of that‚Ä¶.,0.0,42,0.0,0.0,86390.0
sfJHbuHYayU,quickest way to spice up your explore‚ú®,2022-10-18 18:00:17+00:00,2022-10-18,18:00:17,18,9.0,2105,63,1,False,0,False,0,quickest way to spice up your explore‚ú®,0.0,38,0.0,0.0,86416.0
tC4pQr9N3_E,need to write in a love interest nowüòÆ‚Äçüí®üòÆ‚Äçüí® #shorts,2022-10-19 18:00:19+00:00,2022-10-19,18:00:19,18,8.0,664,31,1,True,1,True,4,need to write in a love interest nowüòÆ‚Äçüí®üòÆ‚Äçüí®,0.0,42,0.5,0.6,86402.0
1StHr7WkqeE,calling me out smh,2022-10-20 18:00:02+00:00,2022-10-20,18:00:02,18,11.0,2478,45,2,False,0,False,0,calling me out smh,0.0,18,0.0,0.0,86383.0
Xn2Z2gyuJko,especially with a tote bag bro it‚Äôs GONE. #shorts,2022-10-21 18:00:26+00:00,2022-10-21,18:00:26,18,10.0,122,12,2,True,1,False,0,especially with a tote bag bro it‚Äôs GONE.,12.5,41,0.0,1.0,86424.0
2XJuEKtufxg,i love them smü´∂ü´∂ #shorts #friends #friendship,2022-10-25 18:00:00+00:00,2022-10-25,18:00:00,18,15.0,1316,67,2,True,3,False,0,i love them smü´∂ü´∂,0.0,16,0.5,0.6,345574.0
2qOY73fKvR8,this trend is v interesting #shorts #trending,2022-10-26 18:00:01+00:00,2022-10-26,18:00:01,18,9.0,1584,26,3,True,2,False,0,this trend is v interesting,0.0,27,0.5,0.5,86401.0
XytV7hxrTIU,just listen.,2022-10-27 18:00:13+00:00,2022-10-27,18:00:13,18,11.0,320,16,2,False,0,False,0,just listen.,0.0,12,0.0,0.0,86412.0
ObbO62M6OJ4,procrastination guilt sucksü•≤ #shorts,2022-10-28 18:00:09+00:00,2022-10-28,18:00:09,18,8.0,160,7,2,True,1,False,0,procrastination guilt sucksü•≤,0.0,28,0.0,0.0,86396.0
3a_Jxv0QtRo,napping when u have a lot of work lol‚Ä¶ #shorts,2022-10-29 18:00:05+00:00,2022-10-29,18:00:05,18,7.0,3231,90,1,True,1,False,0,napping when u have a lot of work lol‚Ä¶,0.0,38,0.0,0.0,86396.0
oF9PEkHzwOE,camera roll dump!! #shorts,2022-10-30 18:00:16+00:00,2022-10-30,18:00:16,18,3.0,158,13,0,True,1,False,0,camera roll dump!!,0.0,18,0.0,0.0,86411.0
JfSx8EECv8E,i love this transition,2022-10-31 18:00:07+00:00,2022-10-31,18:00:07,18,10.0,630,27,0,False,0,False,0,i love this transition,0.0,22,0.5,0.6,86391.0
EaAcnDT3OgA,mini vlog w friends :) #shorts #friendship #friends,2022-11-08 19:00:07+00:00,2022-11-08,19:00:07,19,7.0,1200,53,1,True,3,False,0,mini vlog w friends :),0.0,22,0.5,1.0,694800.0
NEbHu_wR2Rk,last one is the best #shorts #thatsher #trending #trend,2022-11-09 19:00:15+00:00,2022-11-09,19:00:15,19,11.0,3007,63,2,True,4,False,0,last one is the best,0.0,20,0.5,0.18333333333333332,86408.0
boChbgfG_Pg,how‚Äôs your 2022 going? #2022 #shorts #yearreview #recap,2022-11-10 19:00:17+00:00,2022-11-10,19:00:17,19,11.0,330,13,1,True,4,False,0,how‚Äôs your 2022 going?,0.0,22,0.0,0.0,86402.0
O1TDfL1hg70,and i‚Äôd do it againüòÅ #shorts #friends #sunset #friendship,2022-11-11 19:00:11+00:00,2022-11-11,19:00:11,19,6.0,1384,73,0,True,4,True,1,and i‚Äôd do it againüòÅ,0.0,20,0.0,0.0,86394.0
yc3NirPV4Qs,spoiler: i did not get back to it #shorts #youtube #relatable,2022-11-12 19:00:32+00:00,2022-11-12,19:00:32,19,7.0,2013,118,6,True,3,False,0,spoiler: i did not get back to it,0.0,33,0.0,0.0,86421.0
MVEDoMzsTM0,my brain is so done w me LOL #shorts #crush #crushing,2022-11-13 19:00:08+00:00,2022-11-13,19:00:08,19,10.0,5439,242,6,True,3,False,0,my brain is so done w me LOL,14.285714285714285,28,0.8,0.7,86376.0
en16PBCgL2M,pinterest-like day! cafe studying + first football game #shorts #vlog #minivlog #football #aesthetic,2022-11-21 19:00:16+00:00,2022-11-21,19:00:16,19,16.0,156,15,0,True,5,False,0,pinterest-like day! cafe studying + first football game,0.0,55,-0.07500000000000001,0.3666666666666667,691208.0
BAJg-Yo_5kc,uhh‚Ä¶take it for free LOL #shorts #cameraroll #friends #funny,2022-11-22 19:00:10+00:00,2022-11-22,19:00:10,19,13.0,1376,29,1,True,4,False,0,uhh‚Ä¶take it for free LOL,15.789473684210526,24,0.6000000000000001,0.75,86394.0
MYMJdvwzxFc,are you a good multitasker? #shorts #productivity,2022-11-23 19:00:12+00:00,2022-11-23,19:00:12,19,9.0,1802,45,1,True,2,False,0,are you a good multitasker?,0.0,27,0.7,0.6000000000000001,86402.0
r43mASB6JJ8,standards to the floor #shorts #crush #crushing #romantic,2022-11-24 19:00:30+00:00,2022-11-24,19:00:30,19,6.0,4633,128,0,True,4,False,0,standards to the floor,0.0,22,0.0,0.0,86418.0
WxD-RSPSLu4,lol #shorts,2022-11-25 19:00:15+00:00,2022-11-25,19:00:15,19,6.0,2356,69,1,True,1,False,0,lol,0.0,3,0.8,0.7,86385.0
lB9ki26NKvA,high school day in my life #shorts #highschool,2022-11-26 19:00:13+00:00,2022-11-26,19:00:13,19,15.0,790,40,1,True,2,False,0,high school day in my life,0.0,26,0.16,0.5399999999999999,86398.0
Tzx_xfpAqHk,the last oneüò≠ #shorts #friends #friendship,2022-11-27 19:00:12+00:00,2022-11-27,19:00:12,19,13.0,128,8,0,True,3,True,1,the last oneüò≠,0.0,13,0.0,0.06666666666666667,86399.0
me-_nKLmbyY,recognize any? #shorts #music,2022-11-28 19:00:15+00:00,2022-11-28,19:00:15,19,19.0,1423,69,1,True,2,False,0,recognize any?,0.0,14,0.0,0.0,86403.0
ihYtlZMPKe8,glowup fr #shorts #glowup,2022-11-29 19:00:19+00:00,2022-11-29,19:00:19,19,11.0,1948,67,2,True,2,False,0,glowup fr,0.0,9,0.0,0.0,86404.0
1QkLzBrkNDA,five years of friendshipü´∂ü´∂ #shorts #friends #friendship #bestfriend #bestfriends,2022-11-30 19:00:00+00:00,2022-11-30,19:00:00,19,21.0,1387,70,2,True,5,False,0,five years of friendshipü´∂ü´∂,0.0,26,0.0,0.0,86381.0
yoi4IJI1v-w,yet i keep finding new onesüíÄ #shorts #crush #crushes #love #relationship #relatable,2022-12-01 19:00:30+00:00,2022-12-01,19:00:30,19,6.0,5019,250,5,True,6,True,1,yet i keep finding new onesüíÄ,0.0,28,0.13636363636363635,0.45454545454545453,86430.0
YtqQGFY-Kd4,colder weather + shorter daysüòö #shorts #winter #christmas #fall,2022-12-02 19:00:18+00:00,2022-12-02,19:00:18,19,11.0,1391,35,0,True,4,True,1,colder weather + shorter daysüòö,0.0,30,0.0,0.0,86388.0
FaDuEzXBo4s,this trend is the cutest thing everrr #shorts #friends #friendship #conangray #memories,2022-12-03 19:00:05+00:00,2022-12-03,19:00:05,19,11.0,137297,7276,30,True,5,False,0,this trend is the cutest thing everrr,0.0,37,0.0,0.0,86387.0
0IMfYxWcQ3w,the struggle is realüòû #shorts #relatable #childhood #nostalgia #funny,2022-12-04 19:00:00+00:00,2022-12-04,19:00:00,19,6.0,5340,214,4,True,5,True,1,the struggle is realüòû,0.0,21,0.0,0.0,86395.0
BwMSnukptEs,i keep exposing myself LMAO #shorts #glowup #trending #trend #trendingshorts,2022-12-05 19:00:03+00:00,2022-12-05,19:00:03,19,7.0,173,9,0,True,5,False,0,i keep exposing myself LMAO,17.391304347826086,27,0.6,1.0,86403.0
DEm5vgOi8pg,best friend checkkk # #shorts #friends #friendship #trending,2022-12-07 19:00:04+00:00,2022-12-07,19:00:04,19,25.0,518,32,1,True,5,False,0,best friend checkkk #,0.0,21,1.0,0.3,172801.0
spcyTb48-WE,funny story‚Ä¶. #shorts #crush #relatable #trending #crushing #funny,2022-12-08 19:00:24+00:00,2022-12-08,19:00:24,19,8.0,3044,107,3,True,6,False,0,funny story‚Ä¶.,0.0,13,0.25,1.0,86420.0
-FKwCTCgL-k,wallet is crying #shorts #relatable #funny #money #savings,2022-12-09 19:00:00+00:00,2022-12-09,19:00:00,19,6.0,3573,163,2,True,5,False,0,wallet is crying,0.0,16,-0.2,0.6,86376.0
q24NgUToJ8E,i latch onto my extroverted friends #shorts #friends #friendship #relatable #trending #funny,2022-12-10 19:00:26+00:00,2022-12-10,19:00:26,19,7.0,9914,291,3,True,6,False,0,i latch onto my extroverted friends,0.0,35,0.0,0.0,86426.0
38RLq6kTjhA,alexa play heather on spotify #shorts #crush #relatable #trending #crushing,2022-12-11 19:00:02+00:00,2022-12-11,19:00:02,19,6.0,5530,117,2,True,5,False,0,alexa play heather on spotify,0.0,29,0.0,0.0,86376.0
rqmEGaRCwY0,i want jenna ortega‚Äôs facial structure #shorts #wednesday #wednesdayaddams #netflix,2022-12-12 19:00:18+00:00,2022-12-12,19:00:18,19,9.0,3258,66,6,True,4,False,0,i want jenna ortega‚Äôs facial structure,0.0,38,0.0,0.0,86416.0
x5GP1BQy1sM,my prescriptions like -5.25 LOL #shorts #relatable #transformation #glowup,2022-12-13 19:00:18+00:00,2022-12-13,19:00:18,19,7.0,168,12,2,True,4,False,0,my prescriptions like -5.25 LOL,13.636363636363635,31,0.8,0.7,86400.0
_SigCJl1478,rough attempt LOL #taekwondo #tkd #shorts,2022-12-16 19:00:11+00:00,2022-12-16,19:00:11,19,13.0,2999,47,1,True,3,False,0,rough attempt LOL,20.0,17,0.35000000000000003,0.55,259193.0
iBtNP5UMP8I,just smile and nod babes #shorts #relatable,2022-12-17 19:00:26+00:00,2022-12-17,19:00:26,19,5.0,1936,84,2,True,2,False,0,just smile and nod babes,0.0,24,0.3,0.1,86415.0
wRkBFfvRBmI,the coolest dudeü´∂ #shorts #family #dad,2022-12-18 19:00:31+00:00,2022-12-18,19:00:31,19,10.0,1751,75,0,True,3,False,0,the coolest dudeü´∂,0.0,17,0.0,0.0,86405.0
tQ2v3IqKXKo,especially when they have a good fit tooüò≠ #shorts #crush #crushes #relatable,2022-12-19 19:00:30+00:00,2022-12-19,19:00:30,19,9.0,3033,184,5,True,4,True,1,especially when they have a good fit tooüò≠,0.0,41,0.3666666666666667,0.6666666666666666,86399.0
XIeLxd7eSHw,where do they come fromüò≠ #shorts #relatable,2022-12-20 19:00:09+00:00,2022-12-20,19:00:09,19,8.0,509,17,3,True,2,True,1,where do they come fromüò≠,0.0,24,0.0,0.0,86379.0
l-ASNTFPkPI,I LOVE MINJI #shorts #newjeans #kpop #kpopedit #kpopidol #kpopidols,2022-12-21 19:00:13+00:00,2022-12-21,19:00:13,19,7.0,5556,392,5,True,6,False,0,I LOVE MINJI,100.0,12,0.5,0.6,86404.0
aCuVL9h3mME,i‚Äôd rather work aloneüò≠ #shorts #relatable #school #schoolmemes #highschool,2022-12-22 19:00:01+00:00,2022-12-22,19:00:01,19,10.0,4541,138,1,True,5,True,1,i‚Äôd rather work aloneüò≠,0.0,22,0.0,0.0,86388.0
b8Ziw7dnatA,high school vlog!! #shorts #friends #friendship #trending,2022-12-23 19:00:15+00:00,2022-12-23,19:00:15,19,7.0,691,20,1,True,4,False,0,high school vlog!!,0.0,18,0.25,0.5399999999999999,86414.0
p-8sIOhWudI,THE LAST ONE LMAOO #shorts #ai #funny #funnyvideo,2022-12-24 19:00:18+00:00,2022-12-24,19:00:18,19,16.0,1049835,44845,480,True,4,False,0,THE LAST ONE LMAOO,100.0,18,0.0,0.06666666666666667,86403.0
NuWihrpSV_w,july is my fav :)) #shorts #aesthetic #2022 #recap #friends #friendship #trending,2022-12-25 19:00:10+00:00,2022-12-25,19:00:10,19,19.0,1883,90,6,True,7,False,0,july is my fav :)),0.0,18,0.5,1.0,86392.0
-nt3KLomJTw,i love sza!! #shorts #music #trending,2022-12-26 19:00:00+00:00,2022-12-26,19:00:00,19,13.0,7118,236,3,True,3,False,0,i love sza!!,0.0,12,0.78125,0.6,86390.0
O-yhW9s6nt0,not my finest moment‚Ä¶ #shorts #relatable #crush #crushing,2022-12-27 19:00:12+00:00,2022-12-27,19:00:12,19,6.0,3746,85,2,True,4,False,0,not my finest moment‚Ä¶,0.0,21,0.0,0.0,86412.0
eKwevgyz-HA,learned to take picsüòÅüòÅ #shorts #glowup #trending,2022-12-28 21:00:28+00:00,2022-12-28,21:00:28,21,11.0,3802,133,7,True,3,True,2,learned to take picsüòÅüòÅ,0.0,22,0.0,0.0,93616.0
evwOpX5Gou8,lol‚Ä¶ #shorts #relatable #trending #crush #funny #crushing,2022-12-29 21:00:16+00:00,2022-12-29,21:00:16,21,10.0,2052,51,4,True,6,False,0,lol‚Ä¶,0.0,4,0.0,0.0,86388.0
qPuJYnHxonY,cutest trend #shorts #friends #trending #friendship,2022-12-30 19:00:16+00:00,2022-12-30,19:00:16,19,15.0,285,27,0,True,4,False,0,cutest trend,0.0,12,0.0,0.0,79200.0
tDpDZgDOcdY,the year flew by #shorts #friends #trending #friendship #relatable,2022-12-31 19:00:18+00:00,2022-12-31,19:00:18,19,17.0,1843,97,4,True,5,False,0,the year flew by,0.0,16,0.0,0.0,86402.0
gFVCe_6KUhU,xmas in hawaii! #shorts #trending #hawaii,2023-01-01 19:00:12+00:00,2023-01-01,19:00:12,19,15.0,663,42,2,True,3,False,0,xmas in hawaii!,0.0,15,0.0,0.0,86394.0
HOBjrhO1b64,addicted to this song #shorts #trending #trend,2023-01-02 19:00:06+00:00,2023-01-02,19:00:06,19,13.0,609,26,0,True,3,False,0,addicted to this song,0.0,21,-0.4,0.6,86394.0
5GHF5FabxRM,BEST SONG #shorts #trending #winter,2023-01-03 19:00:03+00:00,2023-01-03,19:00:03,19,8.0,207,19,2,True,3,False,0,BEST SONG,100.0,9,1.0,0.3,86397.0
CR7N4QI3YT0,maui mini vlog! #shorts #hawaii #friends #friendship #trending,2023-01-04 19:00:03+00:00,2023-01-04,19:00:03,19,14.0,232,20,1,True,5,False,0,maui mini vlog!,0.0,15,0.0,0.0,86400.0
WQtvIqUzLE4,which one are you? #shorts #trending #personalitytest #mbti,2023-01-05 19:00:11+00:00,2023-01-05,19:00:11,19,12.0,637,29,0,True,4,False,0,which one are you?,0.0,18,0.0,0.0,86408.0
3t7NDpKlv6A,way too smoothüòÆ‚Äçüí®üòÆ‚Äçüí® #shorts #trending #transition #transformation,2023-01-06 19:00:02+00:00,2023-01-06,19:00:02,19,8.0,1975,80,5,True,4,True,4,way too smoothüòÆ‚Äçüí®üòÆ‚Äçüí®,0.0,20,0.0,0.0,86391.0
M_o3zlV7cQA,@katefengx on IGü´∂ü´∂ #shorts #trending #motivation #inspiration #inspirational #motivational #trend,2023-01-07 19:00:09+00:00,2023-01-07,19:00:09,19,7.0,240,26,0,True,7,False,0,@katefengx on IGü´∂ü´∂,15.384615384615385,18,0.0,0.0,86407.0
-HZT7t7_jgc,day 1/30 of outfit ideas! #shorts #trending #fashion #pinterest #aesthetic #outfit #outfitideas,2023-01-08 19:00:00+00:00,2023-01-08,19:00:00,19,4.0,1980,76,1,True,7,False,0,day 1/30 of outfit ideas!,0.0,25,0.0,0.0,86391.0
-my8bc3iolA,day 2 of outfit ideas! #shorts #trending #fashion #outfit #outfitideas #pinterest #outfitoftheday,2023-01-09 19:00:00+00:00,2023-01-09,19:00:00,19,6.0,4076,147,2,True,7,False,0,day 2 of outfit ideas!,0.0,22,0.0,0.0,86400.0
KDrLOpJfoXM,cute cafe date fit #shorts #trending #fashion #outfit #outfitideas,2023-01-10 19:00:13+00:00,2023-01-10,19:00:13,19,9.0,2044,83,4,True,5,False,0,cute cafe date fit,0.0,18,0.45,0.7,86413.0
gXRz3a8wP6Q,outfit ideas day 4 #shorts #trending #fashion #outfit #outfitideas,2023-01-11 19:00:12+00:00,2023-01-11,19:00:12,19,6.0,2423,55,1,True,5,False,0,outfit ideas day 4,0.0,18,0.0,0.0,86399.0
_Glnq3xke7I,acubi style!! #shorts #trending #outfit #outfitideas #fashion #pinterest,2023-01-12 19:00:10+00:00,2023-01-12,19:00:10,19,7.0,2763,110,3,True,6,False,0,acubi style!!,0.0,13,0.0,0.0,86398.0
cpDOtfcNJJg,day 6 outfit ideas! #shorts #trending #fashion #outfit #outfitideas,2023-01-13 19:00:12+00:00,2023-01-13,19:00:12,19,6.0,1670,48,2,True,5,False,0,day 6 outfit ideas!,0.0,19,0.0,0.0,86402.0
imjWrYeiK14,guiltyüòÅüòÅ #shorts #trending #relatable #crush #crushing #crushes,2023-01-14 19:00:15+00:00,2023-01-14,19:00:15,19,7.0,6295,201,3,True,6,True,2,guiltyüòÅüòÅ,0.0,8,0.0,0.0,86403.0
BEDN0i6OV2w,i took SO longüò≠üò≠ #shorts #trending #relatable #crush #funny #crushing,2023-01-15 19:00:04+00:00,2023-01-15,19:00:04,19,7.0,2605,60,0,True,6,True,2,i took SO longüò≠üò≠,18.181818181818183,16,0.0,0.0,86389.0
8T3ItKQ3YHU,day 7 outfit ideas! #shorts #trending #fashion #outfitideas #outfit,2023-01-16 19:00:03+00:00,2023-01-16,19:00:03,19,7.0,1887,51,2,True,5,False,0,day 7 outfit ideas!,0.0,19,0.0,0.0,86399.0
C7tXDkft-Nc,day 8 outfit ideas! #shorts #trending #fashion #outfitideas #outfit,2023-01-17 19:00:04+00:00,2023-01-17,19:00:04,19,8.0,182,9,0,True,5,False,0,day 8 outfit ideas!,0.0,19,0.0,0.0,86401.0
9nRh1l12Ijw,day 9 outfit ideas! #shorts #trending #fashion #outfitideas #outfit,2023-01-18 19:00:07+00:00,2023-01-18,19:00:07,19,8.0,1630,39,0,True,5,False,0,day 9 outfit ideas!,0.0,19,0.0,0.0,86403.0
JVIcoZVjK54,day 10 outfit ideas! #shorts #trending #fashion #outfitideas #outfit,2023-01-19 19:00:07+00:00,2023-01-19,19:00:07,19,8.0,1905,19,1,True,5,False,0,day 10 outfit ideas!,0.0,20,0.0,0.0,86400.0
221YzlKaY3g,day 11 outfit ideas! #shorts #trending #fashion #outfitideas #outfit,2023-01-20 19:00:01+00:00,2023-01-20,19:00:01,19,6.0,173,8,0,True,5,False,0,day 11 outfit ideas!,0.0,20,0.0,0.0,86394.0
nPrIpJE7QWo,outfit ideas day 12! #shorts #trending #fashion #fashionstyle #outfit #outfitideas,2023-01-21 19:00:15+00:00,2023-01-21,19:00:15,19,7.0,3323,61,1,True,6,False,0,outfit ideas day 12!,0.0,20,0.0,0.0,86414.0
AfTgJ1xg3cE,v fun to make #shorts #taekwondo #trending,2023-01-22 19:00:07+00:00,2023-01-22,19:00:07,19,11.0,2719,106,4,True,3,False,0,v fun to make,0.0,13,0.3,0.2,86392.0
NgJrdmaIcyU,kick kick #shorts #taekwondo #trending,2023-01-25 19:00:10+00:00,2023-01-25,19:00:10,19,11.0,2771,115,6,True,3,False,0,kick kick,0.0,9,0.0,0.0,259203.0
gGdYn_JeSXk,outfit ideas day 13 #shorts #trending #fashion #outfit #outfitideas,2023-02-01 19:00:24+00:00,2023-02-01,19:00:24,19,4.0,164,15,1,True,5,False,0,outfit ideas day 13,0.0,19,0.0,0.0,604814.0
wq7MJQrWv2k,outfit ideas day 14 #shorts #trending #fashion #outfit #outfitideas,2023-02-02 19:00:31+00:00,2023-02-02,19:00:31,19,8.0,1449,41,2,True,5,False,0,outfit ideas day 14,0.0,19,0.0,0.0,86407.0
s-uLHpYVLfY,my go-to strategyüòÅ #shorts #trending #relatable #funny,2023-02-03 19:00:24+00:00,2023-02-03,19:00:24,19,9.0,1761,55,1,True,4,True,1,my go-to strategyüòÅ,0.0,18,0.0,0.0,86393.0
5Mej-W2L5Sc,any atla fansü§îü§î #shorts #trending #relatable #avatar #avatarthelastairbender,2023-02-04 19:00:02+00:00,2023-02-04,19:00:02,19,8.0,5432,146,7,True,5,False,0,any atla fansü§îü§î,0.0,15,0.0,0.0,86378.0
QYkNt_Yyv44,outfit ideas day 15 #shorts #trending #fashion #outfit #outfitideas,2023-02-05 19:00:08+00:00,2023-02-05,19:00:08,19,11.0,1530,51,2,True,5,False,0,outfit ideas day 15,0.0,19,0.0,0.0,86406.0
P3BaXW2b_AE,it‚Äôs tiring #shorts #trending #relatable,2023-02-06 19:00:14+00:00,2023-02-06,19:00:14,19,8.0,565,43,2,True,3,False,0,it‚Äôs tiring,0.0,11,0.0,0.0,86406.0
VUZ4GYl3O1Y,outfit ideas day 16 #shorts #trending #fashion #outfit #outfitideas,2023-02-07 19:00:21+00:00,2023-02-07,19:00:21,19,6.0,6199,135,9,True,5,False,0,outfit ideas day 16,0.0,19,0.0,0.0,86407.0
8orKbkUUdwU,outfit ideas day 17 #shorts #trending #fashion #outfit #outfitideas,2023-02-08 19:00:04+00:00,2023-02-08,19:00:04,19,8.0,5426,123,6,True,5,False,0,outfit ideas day 17,0.0,19,0.0,0.0,86383.0
0Ap2HxaO2gg,outfit ideas day 18 #shorts #trending #fashion #outfit #outfitideas,2023-02-09 19:00:00+00:00,2023-02-09,19:00:00,19,5.0,2025,45,9,True,5,False,0,outfit ideas day 18,0.0,19,0.0,0.0,86396.0
2aWlukk1DMs,outfit ideas day 19 #shorts #trending #fashion #outfit #outfitideas,2023-02-10 19:00:01+00:00,2023-02-10,19:00:01,19,7.0,167,14,0,True,5,False,0,outfit ideas day 19,0.0,19,0.0,0.0,86401.0
LQ3NLfFufL4,outfit ideas day 20 #shorts #trending #fashion #outfit #outfitideas,2023-02-11 19:00:07+00:00,2023-02-11,19:00:07,19,8.0,2203,61,7,True,5,False,0,outfit ideas day 20,0.0,19,0.0,0.0,86406.0
NXT7CsTok7I,outfit ideas day 21 #shorts #trending #fashion #outfit #outfitideas,2023-02-12 19:00:10+00:00,2023-02-12,19:00:10,19,9.0,1986,104,2,True,5,False,0,outfit ideas day 21,0.0,19,0.0,0.0,86403.0
DHzN75tkpQQ,outfit ideas day 22 #shorts #trending #fashion #outfit #outfitideas,2023-02-13 19:00:11+00:00,2023-02-13,19:00:11,19,9.0,1495,60,3,True,5,False,0,outfit ideas day 22,0.0,19,0.0,0.0,86401.0
OYImNuoc5Kc,outfit ideas day 23 #shorts #trending #fashion #outfit #outfitideas,2023-02-14 19:00:10+00:00,2023-02-14,19:00:10,19,9.0,1933,53,3,True,5,False,0,outfit ideas day 23,0.0,19,0.0,0.0,86399.0
N4Ad6YLDQgE,outfit ideas day 24 #shorts #trending #fashion #outfit #outfitideas,2023-02-15 19:00:09+00:00,2023-02-15,19:00:09,19,10.0,1924,72,5,True,5,False,0,outfit ideas day 24,0.0,19,0.0,0.0,86399.0
Klg2B6oQcYw,outfit ideas day 25 #shorts #trending #fashion #outfit #outfitideas,2023-02-16 19:00:09+00:00,2023-02-16,19:00:09,19,9.0,1608,66,2,True,5,False,0,outfit ideas day 25,0.0,19,0.0,0.0,86400.0
4fmyrGIAXBk,outfit ideas day 26 #shorts #trending #fashion #outfit #outfitideas,2023-02-17 19:00:03+00:00,2023-02-17,19:00:03,19,8.0,253,14,2,True,5,False,0,outfit ideas day 26,0.0,19,0.0,0.0,86394.0
8n0AOrOqQrk,outfit ideas day 27 #shorts #trending #fashion #outfit #outfitideas,2023-02-18 19:00:04+00:00,2023-02-18,19:00:04,19,8.0,2195,60,0,True,5,False,0,outfit ideas day 27,0.0,19,0.0,0.0,86401.0
ZfNZfuF3Ia0,outfit ideas day 28 #shorts #trending #fashion #outfit #outfitideas,2023-02-19 19:00:10+00:00,2023-02-19,19:00:10,19,13.0,1018,27,2,True,5,False,0,outfit ideas day 28,0.0,19,0.0,0.0,86406.0
9c9KJdMW0DE,outfit ideas day 29 #shorts #trending #fashion #outfit #outfitideas,2023-02-20 19:00:03+00:00,2023-02-20,19:00:03,19,14.0,1109,34,4,True,5,False,0,outfit ideas day 29,0.0,19,0.0,0.0,86393.0
a07Xrd_Ot_M,outfit ideas day 30 #shorts #trending #fashion #outfit #outfitideas,2023-02-21 19:00:01+00:00,2023-02-21,19:00:01,19,9.0,481,24,0,True,5,False,0,outfit ideas day 30,0.0,19,0.0,0.0,86398.0
2bEyzoUZQM4,pleaseüôèüôè #trending #capybara #funny,2023-02-22 19:00:03+00:00,2023-02-22,19:00:03,19,11.0,2310,70,5,True,3,True,2,pleaseüôèüôè,0.0,8,0.0,0.0,86402.0
tctCYWkgjKM,build a bunny!! #friendship #shorts #friends #bestfriend #bestfriends,2023-02-23 19:00:32+00:00,2023-02-23,19:00:32,19,11.0,1268,57,1,True,5,False,0,build a bunny!!,0.0,15,0.0,0.0,86429.0
wM6OrCAsbPs,graduating in four monthsü§Øü§Ø #shorts #glowup,2023-02-24 19:00:23+00:00,2023-02-24,19:00:23,19,10.0,1762,55,3,True,2,False,0,graduating in four monthsü§Øü§Ø,0.0,27,0.0,0.0,86391.0
LrueegOfMGc,the simple things #shorts #trending #aesthetic,2023-02-25 19:00:07+00:00,2023-02-25,19:00:07,19,9.0,2121,52,1,True,3,False,0,the simple things,0.0,17,0.0,0.35714285714285715,86384.0
uy6UhF39SaM,i love my parents so muchü´∂ü´∂ #shorts #trending #family,2023-02-26 19:00:19+00:00,2023-02-26,19:00:19,19,15.0,245,15,1,True,3,False,0,i love my parents so muchü´∂ü´∂,0.0,27,0.5,0.6,86412.0
9sLeJyuG1X0,crush dreams‚Ä¶. #shorts #crush #crushing #relationship #relatable,2023-02-27 19:00:07+00:00,2023-02-27,19:00:07,19,14.0,925,47,2,True,5,False,0,crush dreams‚Ä¶.,0.0,14,0.0,0.0,86388.0
wNnGuD7zPIM,i love many things hehe #shorts #love,2023-02-28 19:00:27+00:00,2023-02-28,19:00:27,19,8.0,304,21,2,True,2,False,0,i love many things hehe,0.0,23,0.5,0.55,86420.0
cqh35ZxNnko,with my favs #shorts #grwm #transition #friends #friendship #bestfriend #bestfriends,2023-03-01 19:00:14+00:00,2023-03-01,19:00:14,19,10.0,2050,78,3,True,7,False,0,with my favs,0.0,12,0.0,0.0,86387.0
0G2IH7ylzVg,coolest transition #shorts #transition #transformation #grwm,2023-03-02 19:00:00+00:00,2023-03-02,19:00:00,19,10.0,1665,69,6,True,4,False,0,coolest transition,0.0,18,0.0,0.0,86386.0
eIyCkNUnQ7o,@ all my crushesü§≠ #trending #crush #crushing #crushes #relatable #shorts,2023-03-03 19:00:16+00:00,2023-03-03,19:00:16,19,7.0,6320,258,4,True,6,False,0,@ all my crushesü§≠,0.0,17,0.0,0.0,86416.0
hgc_JtYseL4,THE SECOND TO LAST ONE LMAOOOO #trending #trend #music #friends #friendship #shorts,2023-03-04 19:00:31+00:00,2023-03-04,19:00:31,19,23.0,2555,64,1,True,6,False,0,THE SECOND TO LAST ONE LMAOOOO,100.0,30,0.0,0.03333333333333333,86415.0
0NOdKy45rWg,resting worried faceüòß #trending #relatable #photos #shorts,2023-03-05 19:00:00+00:00,2023-03-05,19:00:00,19,14.0,2236,94,4,True,4,True,1,resting worried faceüòß,0.0,21,0.0,0.0,86369.0
SJZPa6HzdQY,they need a capybara emoji #shorts #trending #capybara #funny #relatable,2023-03-06 19:00:10+00:00,2023-03-06,19:00:10,19,6.0,2288,59,6,True,5,False,0,they need a capybara emoji,0.0,26,0.0,0.0,86410.0
Rm_U2leLa2I,WE LOVE MIFFY!!! #trending #shorts #miffy #cute #newjeans #kpop #newjeans_hurt #kpopedit,2023-03-07 19:00:12+00:00,2023-03-07,19:00:12,19,10.0,195,18,1,True,8,False,0,WE LOVE MIFFY!!!,100.0,16,0.9765625,0.6,86402.0
hqYKiEbU-bA,find your happinessü´∂ü´∂ #shorts #happiness #happy #friends #friendship #selfcare,2023-03-08 19:00:18+00:00,2023-03-08,19:00:18,19,7.0,1654,76,1,True,6,False,0,find your happinessü´∂ü´∂,0.0,21,0.0,0.0,86406.0
K1xPMFiQ-_8,my kicks aren‚Äôt on beat LOL #trending #shorts #mariahcarey #trend #taekwondo #martialarts #mma,2023-03-09 19:00:14+00:00,2023-03-09,19:00:14,19,16.0,2148,72,4,True,7,False,0,my kicks aren‚Äôt on beat LOL,14.285714285714285,27,0.8,0.7,86396.0
a2iAQRUkkro,LOVE MY FRIENDSSSS #trending #shorts #friends #friendship #friendsforever #friendshipgoals,2023-03-10 19:00:00+00:00,2023-03-10,19:00:00,19,7.0,1242,66,1,True,6,False,0,LOVE MY FRIENDSSSS,100.0,18,0.5,0.6,86386.0
sfw_y3KCBlw,self love fr #trending #shorts #selflovequote #selfcare #selfimprovement #trend,2023-03-11 19:00:17+00:00,2023-03-11,19:00:17,19,8.0,1569,70,7,True,6,False,0,self love fr,0.0,12,0.5,0.6,86417.0
ScCNXl6gI7A,THE WAY I KEPT ROLLINGüò≠üò≠ #trending #shorts #funny #glowup #trend,2023-03-12 18:00:11+00:00,2023-03-12,18:00:11,18,13.0,2279,89,2,True,5,True,2,THE WAY I KEPT ROLLINGüò≠üò≠,100.0,24,0.0,0.0,82794.0
m7-UlsuCjEE,a little too real‚Ä¶. #trending #shorts #crush #crushing #crushes #relatable #breakup,2023-03-13 18:00:27+00:00,2023-03-13,18:00:27,18,15.0,2243,85,3,True,7,False,0,a little too real‚Ä¶.,0.0,19,-0.1875,0.5,86416.0
wm3DSfVbBS4,pinterest girly #trending #shorts #pinterest #pinterestideas #aesthetic,2023-03-14 18:00:32+00:00,2023-03-14,18:00:32,18,11.0,2008,86,1,True,5,False,0,pinterest girly,0.0,15,0.0,0.0,86405.0
atwAmHfqgec,little me was so cute #trending #shorts #nostalgia,2023-03-15 18:00:02+00:00,2023-03-15,18:00:02,18,13.0,231,22,0,True,3,False,0,little me was so cute,0.0,21,0.15625,0.75,86370.0
VdEcLsDT95Q,MY FRIENDS ARE THE BESTTT #shorts #trending #bestfriend #friends #friendship,2023-03-16 18:00:11+00:00,2023-03-16,18:00:11,18,10.0,2058,54,0,True,5,False,0,MY FRIENDS ARE THE BESTTT,100.0,25,0.0,0.0,86409.0
IGWLI8t5ND8,THE LAST CLIP BAHAHSJ #shorts #trending #glowup,2023-03-17 18:00:07+00:00,2023-03-17,18:00:07,18,13.0,347,27,1,True,3,False,0,THE LAST CLIP BAHAHSJ,100.0,21,0.0,0.06666666666666667,86396.0
TEDP3D1O5X4,it‚Äôs me. i go to a charter school. #shorts #trending #school #highschool,2023-03-18 18:00:11+00:00,2023-03-18,18:00:11,18,9.0,2179,49,5,True,4,False,0,it‚Äôs me. i go to a charter school.,0.0,34,0.0,0.0,86404.0
SEJ3J5P5aR4,for my girlbossesü´∂ #trending #shorts #kpop #kpopedit #kpopidol,2023-03-19 18:00:08+00:00,2023-03-19,18:00:08,18,27.0,1175,51,8,True,5,False,0,for my girlbossesü´∂,0.0,18,0.0,0.0,86397.0
pJsjrLfLLec,4 to 18 hehe #shorts #trending #nostalgia #childhood,2023-03-20 18:00:30+00:00,2023-03-20,18:00:30,18,7.0,331,21,0,True,4,False,0,4 to 18 hehe,0.0,12,0.0,0.0,86422.0
db7Ci7XusDc,crying vids thanks to stressüòÄüòÄ #trending #shorts #glowup #transformation,2023-03-21 18:00:25+00:00,2023-03-21,18:00:25,18,8.0,2068,81,1,True,4,True,2,crying vids thanks to stressüòÄüòÄ,0.0,30,0.0,0.4,86395.0
J9n62U3qXSw,went to four targets for the minji version LOL #trending #shorts #newjeans #kpop #kpopedit,2023-03-22 18:00:07+00:00,2023-03-22,18:00:07,18,11.0,1615,161,1,True,5,False,0,went to four targets for the minji version LOL,7.894736842105263,46,0.8,0.7,86382.0
e39c4E6AjCs,THE END LMAOOO #shorts #trending #xg #kpop #kpopedit,2023-03-23 18:00:13+00:00,2023-03-23,18:00:13,18,16.0,3321,124,3,True,5,False,0,THE END LMAOOO,100.0,14,0.0,0.0,86406.0
zcjCKR58QJM,"keep it up, youre doing great‚ù§Ô∏è #inspiration #trending #motivation #friends #friendship #shorts",2023-03-24 18:00:34+00:00,2023-03-24,18:00:34,18,9.0,637,53,1,True,6,False,0,"keep it up, youre doing great‚ù§Ô∏è",0.0,31,0.0,0.0,86421.0
VeST1OGxvGs,they make my social battery longer LOL #shorts #friends #trendingshorts,2023-03-25 18:00:09+00:00,2023-03-25,18:00:09,18,12.0,1994,92,1,True,3,False,0,they make my social battery longer LOL,9.375,38,0.4166666666666667,0.3833333333333333,86375.0
8QOuEjd7xRE,i luv 0.5 pics #shorts #trendingshorts #friends #greenscreen,2023-03-26 18:00:04+00:00,2023-03-26,18:00:04,18,11.0,599,33,0,True,4,False,0,i luv 0.5 pics,0.0,14,0.0,0.0,86395.0
aiwWFwttulA,üòö‚ù£Ô∏èü§û #shorts #friends #friendship,2023-03-27 18:00:01+00:00,2023-03-27,18:00:01,18,10.0,546,39,0,True,3,True,1,üòö‚ù£Ô∏èü§û,0.0,4,0.0,0.0,86397.0
dKo5yLSa8-w,top from dawang new york! #shorts #trending #fashion #outfit #outfitideas #outfitinspo,2023-04-02 18:00:24+00:00,2023-04-02,18:00:24,18,9.0,2530,87,3,True,6,False,0,top from dawang new york!,0.0,25,0.3352272727272727,0.4772727272727273,518423.0
R1Uv52gKZnk,HELP ME PICK MY PROM DRESS‚ú® from JJ‚Äôs House #shorts #jjshouse #prom #promwithJJS,2023-04-03 18:00:09+00:00,2023-04-03,18:00:09,18,18.0,77652,2875,261,True,4,False,0,HELP ME PICK MY PROM DRESS‚ú® from JJ‚Äôs House,72.72727272727273,43,0.0,0.0,86385.0
novaqQVwn8I,PROM 2023 BABYYY #trending #shorts #prom #prom2023 #promdress,2023-04-27 18:00:21+00:00,2023-04-27,18:00:21,18,16.0,11340,695,9,True,5,False,0,PROM 2023 BABYYY,100.0,16,0.0,0.0,2073612.0
ELxHWyJntt4,prom transitionü´£ü´£ #trending #shorts #prom #prom2023 #promdress,2023-04-28 18:00:08+00:00,2023-04-28,18:00:08,18,13.0,407616,19628,53,True,5,False,0,prom transitionü´£ü´£,0.0,17,0.0,0.0,86387.0
LGNtcz6v1IY,WHICH ONE IS UR FAVORITEüçÇü§ç #shorts #outfit #outfitideas #university #college #ootd #fashion,2023-10-31 18:00:16+00:00,2023-10-31,18:00:16,18,18.0,663,46,2,True,7,True,1,WHICH ONE IS UR FAVORITEüçÇü§ç,100.0,26,0.0,0.0,16070408.0
7jiYii7r6N0,the last one is so barbieü´∂üéÄ #shorts #outfit #fashion #outfitideas #ootd #yesstyle #fitcheck,2023-11-02 18:00:04+00:00,2023-11-02,18:00:04,18,16.0,328,15,0,True,7,True,1,the last one is so barbieü´∂üéÄ,0.0,27,0.0,0.06666666666666667,172788.0
KtIXhU1apmc,NEVER BACK DOWN NEVER WHAT‚ÄºÔ∏è,2024-05-22 18:00:11+00:00,2024-05-22,18:00:11,18,10.0,1149,38,0,False,0,False,0,NEVER BACK DOWN NEVER WHAT‚ÄºÔ∏è,100.0,28,-0.07777777777777779,0.14444444444444446,17452807.0
I0vWaOVUT3M,date nightüòã,2024-05-23 18:00:09+00:00,2024-05-23,18:00:09,18,8.0,3625,83,1,False,0,True,1,date nightüòã,0.0,11,0.0,0.0,86398.0
86gy_4zBADM,college friendsüå∑ü´∂,2024-05-24 18:00:07+00:00,2024-05-24,18:00:07,18,19.0,1624,60,0,False,0,True,1,college friendsüå∑ü´∂,0.0,17,0.0,0.0,86398.0
qvksmpdYCaY,the teenage love little me dreamed ofü•π‚ù§Ô∏è‚Äçüî•,2024-05-25 18:00:24+00:00,2024-05-25,18:00:24,18,23.0,704,26,0,False,0,True,1,the teenage love little me dreamed ofü•π‚ù§Ô∏è‚Äçüî•,0.0,42,0.10416666666666667,0.3666666666666667,86417.0
gVBuhtobpdM,teaching in taiwanü§ó,2024-08-03 18:00:19+00:00,2024-08-03,18:00:19,18,30.0,451,7,0,False,0,False,0,teaching in taiwanü§ó,0.0,19,0.0,0.0,6047995.0
ywaW81DrfZ4,TAIWAN SUMMER 2024ü§©ü§©,2024-08-04 18:00:30+00:00,2024-08-04,18:00:30,18,21.0,141,5,0,False,0,False,0,TAIWAN SUMMER 2024ü§©ü§©,100.0,20,0.0,0.0,86411.0
sI2UXnl2XX0,karaoke timeüé§,2024-08-05 18:00:27+00:00,2024-08-05,18:00:27,18,24.0,123,4,0,False,0,True,1,karaoke timeüé§,0.0,13,0.0,0.0,86397.0
Or5Nr4dsKZw,MAKEUP TRANSITION‚ù§Ô∏è‚Äçüî•ü•π we love sabrina,2024-08-28 18:00:13+00:00,2024-08-28,18:00:13,18,15.0,539,18,0,False,0,True,1,MAKEUP TRANSITION‚ù§Ô∏è‚Äçüî•ü•π we love sabrina,55.172413793103445,38,0.5,0.6,1987186.0
3fTvTnH_RiQ,I LOVE P1HARMONY‚ÄºÔ∏è tb to the concert fit,2024-08-28 20:00:01+00:00,2024-08-28,20:00:01,20,11.0,543,33,1,False,0,False,0,I LOVE P1HARMONY‚ÄºÔ∏è tb to the concert fit,43.333333333333336,40,0.45,0.5,7188.0
yUq9kwNJeQI,my taste in music is YOUR FACEü§©‚ÄºÔ∏è,2024-08-28 22:00:49+00:00,2024-08-28,22:00:49,22,9.0,614,27,1,False,0,False,0,my taste in music is YOUR FACEü§©‚ÄºÔ∏è,33.33333333333333,33,0.0,0.0,7248.0
ngpso7mUCRA,the transition EATS,2024-08-29 18:00:34+00:00,2024-08-29,18:00:34,18,14.0,535,14,0,False,0,False,0,the transition EATS,23.52941176470588,19,0.0,0.0,71985.0
WD_tK_oLJtc,JUST GIMME MY MONEY‚Ä¶,2024-08-29 20:00:10+00:00,2024-08-29,20:00:10,20,27.0,497,14,0,False,0,False,0,JUST GIMME MY MONEY‚Ä¶,100.0,20,0.0,0.0,7176.0
DirYgU5iu9U,newjeans mix w claireüê∞,2024-08-29 22:00:24+00:00,2024-08-29,22:00:24,22,16.0,5578,416,2,False,0,True,1,newjeans mix w claireüê∞,0.0,22,0.0,0.0,7214.0
Uls7gPz42CY,BLACKPINK IN UR AREAü´µ with claireü´∂,2024-08-30 20:00:10+00:00,2024-08-30,20:00:10,20,19.0,703,65,3,False,0,False,0,BLACKPINK IN UR AREAü´µ with claireü´∂,62.96296296296296,34,0.0,0.0,79186.0
0o78uaeWq2M,our lighting crewü§ó,2024-08-30 22:00:07+00:00,2024-08-30,22:00:07,22,19.0,612,20,1,False,0,False,0,our lighting crewü§ó,0.0,18,0.0,0.0,7197.0
SV8uCJqCj9E,THIS TREND IS TOO CUTE,2024-08-31 18:00:15+00:00,2024-08-31,18:00:15,18,14.0,7224,416,4,False,0,False,0,THIS TREND IS TOO CUTE,100.0,22,0.5,1.0,72008.0
yOCEQxdHsKY,OOTD w/ @FirmooOpticalü§ìuse code QWFF50 for 50% off ur purchase #firmooQYT #YPT #glasses #myfirmoo,2024-08-31 20:00:21+00:00,2024-08-31,20:00:21,20,14.0,530,16,0,True,4,False,0,OOTD w/ @FirmooOpticalü§ìuse code QWFF50 for 50% off ur purchase,22.22222222222222,62,0.0,0.0,7206.0
DjV1WixKzJM,i am OBSESSED with this skirt,2024-08-31 22:00:16+00:00,2024-08-31,22:00:16,22,9.0,456,17,1,False,0,False,0,i am OBSESSED with this skirt,33.33333333333333,29,-0.5,1.0,7195.0
iI_cnV0Mnr4,sabrina carpenter listening partyü´∂,2024-09-01 18:00:31+00:00,2024-09-01,18:00:31,18,16.0,1891,105,0,False,0,False,0,sabrina carpenter listening partyü´∂,0.0,34,0.0,0.0,72015.0
JW6IVEKOisk,i love being a girl in love,2024-09-01 20:00:06+00:00,2024-09-01,20:00:06,20,13.0,459,19,2,False,0,False,0,i love being a girl in love,0.0,27,0.5,0.6,7175.0
IKfkwfLisGA,draft from the cabinü•π,2024-09-01 22:00:12+00:00,2024-09-01,22:00:12,22,7.0,62,7,0,False,0,False,0,draft from the cabinü•π,0.0,21,0.0,0.0,7206.0
P2jenDbKuuM,living in the mountainsüèïÔ∏è,2024-09-02 18:00:20+00:00,2024-09-02,18:00:20,18,9.0,455,19,0,False,0,True,1,living in the mountainsüèïÔ∏è,0.0,25,0.0,0.0,72008.0
1e3tQuxIbB0,pocket locket danceüîí,2024-09-02 20:00:00+00:00,2024-09-02,20:00:00,20,16.0,612,22,5,False,0,True,1,pocket locket danceüîí,0.0,20,0.0,0.0,7180.0
oCYTlKFr7GY,2016 filter goes hard,2024-09-02 22:00:33+00:00,2024-09-02,22:00:33,22,7.0,63,4,0,False,0,False,0,2016 filter goes hard,0.0,21,-0.2916666666666667,0.5416666666666666,7233.0
ccQbsYGoVd8,brat summer with my taiwan trio‚ù§Ô∏è‚Äçüî•,2024-09-03 18:00:26+00:00,2024-09-03,18:00:26,18,16.0,1860,91,2,False,0,True,1,brat summer with my taiwan trio‚ù§Ô∏è‚Äçüî•,0.0,35,0.0,0.0,71993.0
2uFnT9BG1FQ,DEVOURED those tacos,2024-09-03 20:00:01+00:00,2024-09-03,20:00:01,20,9.0,507,12,0,False,0,False,0,DEVOURED those tacos,44.44444444444444,20,0.0,0.0,7175.0
Q82h4d4ivDM,new glassesü§ì,2024-09-04 18:00:13+00:00,2024-09-04,18:00:13,18,14.0,464,3,0,False,0,False,0,new glassesü§ì,0.0,12,0.13636363636363635,0.45454545454545453,79212.0
WmZhPPUaSZw,he was setting up the drive in movie radio LOL,2024-09-04 20:00:11+00:00,2024-09-04,20:00:11,20,12.0,69,6,1,False,0,False,0,he was setting up the drive in movie radio LOL,8.108108108108109,46,0.8,0.7,7198.0
ZyqX23SZIRY,girls beach day!,2024-09-05 18:00:19+00:00,2024-09-05,18:00:19,18,9.0,500,9,3,False,0,False,0,girls beach day!,0.0,16,0.0,0.0,79208.0
a7rUTD5rCnU,I LOVE GETTING READY,2024-09-06 18:00:01+00:00,2024-09-06,18:00:01,18,13.0,74,7,1,False,0,False,0,I LOVE GETTING READY,100.0,20,0.35,0.55,86382.0
dsXSx2NtIO4,my summer abroadüí´,2024-09-07 18:00:19+00:00,2024-09-07,18:00:19,18,40.0,506,19,0,False,0,True,1,my summer abroadüí´,0.0,17,0.0,0.0,86418.0
MVvqHzWyKLU,i‚Äôm in LOVE with it,2024-10-03 22:15:00+00:00,2024-10-03,22:15:00,22,14.0,543,11,0,False,0,False,0,i‚Äôm in LOVE with it,28.57142857142857,19,0.5,0.6,2261681.0
XFfTWojDlRY,time for schoolüòì,2024-10-04 18:00:30+00:00,2024-10-04,18:00:30,18,14.0,2103,186,9,False,0,True,1,time for schoolüòì,0.0,16,0.0,0.0,71130.0
NaPovWC3U6I,busy day at UCSDü™©üìñ,2024-10-04 20:00:14+00:00,2024-10-04,20:00:14,20,40.0,166,3,0,False,0,True,1,busy day at UCSDü™©üìñ,30.76923076923077,18,0.1,0.3,7184.0
WFYWiH2Y76k,we‚Äôre all just living in koko‚Äôs world,2024-10-05 18:00:22+00:00,2024-10-05,18:00:22,18,60.0,563,7,0,False,0,False,0,we‚Äôre all just living in koko‚Äôs world,0.0,37,0.0,0.0,79208.0
cR9ZnNi-kVU,IU songs are addicting,2024-10-05 20:00:10+00:00,2024-10-05,20:00:10,20,16.0,467,15,1,False,0,False,0,IU songs are addicting,10.526315789473683,22,0.0,0.0,7188.0
MI6n4sEsLoc,i love college!,2024-10-06 18:00:19+00:00,2024-10-06,18:00:19,18,13.0,572,16,0,False,0,False,0,i love college!,0.0,15,0.625,0.6,79209.0
p4TVBJQxezk,WE LOVE WAVE TO EARTH @wavetoearth,2024-10-06 20:00:14+00:00,2024-10-06,20:00:14,20,58.0,630,17,0,False,0,False,0,WE LOVE WAVE TO EARTH @wavetoearth,60.71428571428571,34,0.5,0.6,7195.0
WVrHinOnwvc,live laugh love beabadoobee,2024-10-07 18:00:28+00:00,2024-10-07,18:00:28,18,15.0,898,30,4,False,0,False,0,live laugh love beabadoobee,0.0,27,0.3121212121212121,0.39999999999999997,79214.0
As0Nejh6BIk,DANIEL KIM GUITAR SOLO HELLOOO @wavetoearth,2024-10-07 20:00:03+00:00,2024-10-07,20:00:03,20,37.0,1288,62,1,False,0,False,0,DANIEL KIM GUITAR SOLO HELLOOO @wavetoearth,70.27027027027027,43,0.0,0.0,7175.0
KOlvyZqI5Ro,COLLEGE OOTD‚≠êÔ∏è,2024-10-08 18:00:11+00:00,2024-10-08,18:00:11,18,12.0,474,12,0,False,0,False,0,COLLEGE OOTD‚≠êÔ∏è,100.0,14,0.0,0.0,79208.0
xn8l37vx_-s,they are so silly #wavetoearth,2024-10-08 20:00:21+00:00,2024-10-08,20:00:21,20,39.0,505,13,0,True,1,False,0,they are so silly,0.0,17,-0.5,0.875,7210.0
us93dcdb1hI,beach date outfitüëô,2024-10-24 18:00:37+00:00,2024-10-24,18:00:37,18,11.0,640,15,1,False,0,True,1,beach date outfitüëô,0.0,18,0.0,0.0,1375216.0
-X_C0un28UY,first week at uc san diego üî±,2024-10-25 18:00:00+00:00,2024-10-25,18:00:00,18,13.0,650,5,0,False,0,True,1,first week at uc san diego üî±,0.0,28,0.25,0.3333333333333333,86363.0
3YVm4bmQ7jo,COLLEGE DORM TOURü´°,2024-10-26 18:00:02+00:00,2024-10-26,18:00:02,18,29.0,5664,268,4,False,0,False,0,COLLEGE DORM TOURü´°,100.0,18,0.0,0.0,86402.0
19RCBz5LhBU,manifesting good vibes,2024-10-27 18:00:02+00:00,2024-10-27,18:00:02,18,16.0,628,23,1,False,0,False,0,manifesting good vibes,0.0,22,0.7,0.6000000000000001,86400.0
p4S3ZX69r3s,for my overthinkers,2024-10-28 18:00:34+00:00,2024-10-28,18:00:34,18,13.0,544,35,0,False,0,False,0,for my overthinkers,0.0,19,0.0,0.0,86432.0
OQV7rIspv2U,GRWM w/ YesStyle K-BeautyüíÑüéÄ use my code KATEFENG!,2024-11-11 19:00:12+00:00,2024-11-11,19:00:12,19,31.0,2273,80,2,False,0,True,2,GRWM w/ YesStyle K-BeautyüíÑüéÄ use my code KATEFENG!,43.24324324324324,49,0.0,0.0,1213178.0
6j4t6iFKUe4,the PERFECT spring wardrobe w/ @princesspolly üíã‚≠êÔ∏èüå∑ use code KATEXO for 20% off,2025-02-17 19:00:03+00:00,2025-02-17,19:00:03,19,23.0,621,33,2,False,0,True,2,the PERFECT spring wardrobe w/ @princesspolly üíã‚≠êÔ∏èüå∑ use code KATEXO for 20% off,22.807017543859647,78,1.0,1.0,8467191.0
